pik3ca_mut,tp53_mut,muc16_mut,ahnak2_mut,kmt2c_mut,syne1_mut,gata3_mut,map3k1_mut,ahnak_mut,dnah11_mut,cdh1_mut,dnah2_mut,kmt2d_mut,ush2a_mut,ryr2_mut,dnah5_mut,herc2_mut,pde4dip_mut,akap9_mut,tg_mut,birc6_mut,utrn_mut,tbx3_mut,col6a3_mut,arid1a_mut,lama2_mut,notch1_mut,cbfb_mut,ncor2_mut,col12a1_mut,col22a1_mut,pten_mut,akt1_mut,atr_mut,thada_mut,ncor1_mut,stab2_mut,myh9_mut,runx1_mut,nf1_mut,map2k4_mut,ros1_mut,lamb3_mut,arid1b_mut,erbb2_mut,sf3b1_mut
0,0,0,0,0,0,0,0,0,0,0,0,0,0,0,0,0,0,0,0,0,0,0,0,0,0,0,0,0,0,0,0,0,0,0,0,0,0,0,0,0,0,0,0,0,0
0,H178P,0,0,0,0,0,0,0,0,0,0,0,0,0,0,0,0,0,0,0,0,0,0,0,0,0,0,0,0,0,0,0,0,0,0,0,0,0,0,0,0,0,0,0,0
H1047R,0,0,0,0,0,0,0,0,0,0,0,0,0,0,0,0,0,0,0,0,0,0,0,0,0,0,0,0,0,0,0,0,0,0,L1463P,0,0,0,0,0,0,0,0,0,0
E542K,0,0,0,0,0,0,0,0,0,0,0,0,0,0,0,0,0,0,0,0,0,0,0,0,0,0,0,0,0,0,0,0,0,0,0,0,0,0,0,0,0,0,0,0,0
0,S241F,0,0,0,0,0,0,0,0,0,0,0,0,0,0,0,0,0,F2321Y,0,0,0,0,0,0,0,0,0,0,0,0,0,0,0,0,0,0,0,0,0,0,0,0,0,0
H1047R,P67Qfs*56,0,0,0,0,A318T,0,0,0,0,0,0,0,0,0,0,0,0,0,0,0,0,0,0,0,0,0,0,0,0,0,0,0,0,Q661*,0,0,0,0,0,0,0,0,0,0
Q546H G1049R,0,0,0,0,0,0,0,0,0,0,0,0,0,0,0,0,0,0,0,0,0,0,0,0,0,0,F44V,0,0,0,0,0,0,0,0,0,0,0,0,0,0,0,0,0,0
E545K,0,0,0,0,0,0,0,0,0,0,0,0,0,0,0,0,0,0,0,0,0,0,0,0,0,0,0,0,0,0,0,0,0,0,0,0,0,0,0,0,0,0,0,0,0
0,C242R,R5550S,0,0,0,0,0,0,0,0,0,0,0,0,0,0,0,0,0,0,0,0,0,0,0,0,0,0,0,0,0,0,0,0,0,R1200W,0,0,0,0,0,0,0,0,0
H1047R,0,0,0,M1974Ifs*32,0,0,0,0,0,G500Wfs*37,0,0,0,0,0,0,0,0,0,0,0,0,0,0,0,0,0,0,0,0,0,0,0,0,S903*,0,0,0,G2334D,0,0,0,0,0,0
0,0,P6040R,0,0,0,0,0,0,0,0,0,0,0,0,0,0,0,0,0,0,0,0,0,0,0,0,0,0,0,0,0,0,0,0,0,0,0,0,0,0,0,0,0,0,0
0,0,0,0,0,0,S413Qfs*94,0,0,0,0,0,0,P196S,0,0,0,0,0,0,A432Tfs*14,0,0,0,0,0,0,0,0,0,0,0,0,0,0,0,0,0,0,0,0,0,0,0,0,0
0,0,0,0,0,0,0,0,0,0,0,0,0,0,0,0,0,0,0,0,0,0,0,0,0,0,0,0,0,0,0,0,0,0,0,0,0,0,0,0,0,0,0,0,0,0
H1047R,C135R,0,0,0,0,0,0,0,0,0,0,0,0,0,0,0,0,0,0,0,0,0,0,0,0,0,0,0,0,0,0,0,0,0,0,0,0,0,0,0,0,0,0,0,0
0,0,0,0,0,0,0,0,0,0,0,0,0,0,0,0,0,0,0,0,0,0,0,0,0,0,0,0,0,0,0,0,0,0,0,0,0,0,0,0,0,0,0,0,0,0
0,0,0,0,0,0,0,0,0,0,0,0,0,0,0,0,0,0,0,0,0,0,0,0,0,0,0,0,0,0,0,0,0,0,0,0,0,0,0,0,0,0,0,0,0,0
0,0,0,0,0,0,0,0,0,0,0,0,0,0,0,0,0,0,0,0,0,0,0,0,0,0,0,0,0,0,0,0,0,0,0,0,0,0,0,0,0,0,0,0,0,0
H1047R,0,0,0,0,0,0,0,0,0,0,0,0,0,0,0,0,0,0,0,0,0,0,0,0,0,0,0,0,0,0,0,0,0,0,0,0,0,0,0,0,0,0,0,0,0
0,0,E2017V,0,0,0,S407Afs*99,S266Y,0,0,0,0,0,0,0,0,0,0,0,0,0,0,0,0,0,0,0,0,0,0,0,0,0,0,0,0,0,0,0,0,0,0,0,0,0,K700E
0,0,0,0,0,0,0,0,0,0,0,0,Q4118H,0,0,0,0,0,0,0,0,R2870Q,0,X633_splice,0,0,0,0,0,0,0,K342del,0,0,0,0,0,0,0,0,0,0,0,0,0,0
0,S303Efs*3,0,0,0,0,0,0,0,0,0,0,0,0,0,0,0,0,0,0,0,0,0,0,0,0,0,0,0,0,0,0,0,0,0,0,0,0,0,0,0,0,0,0,0,0
0,0,0,0,0,0,0,0,0,0,0,0,0,0,0,0,0,0,0,0,0,0,0,0,0,0,0,0,0,0,0,0,0,0,0,0,0,0,0,0,0,0,0,0,0,0
H1047R,0,0,0,0,0,0,0,0,0,0,0,0,0,0,0,0,0,0,0,0,0,0,0,0,0,0,0,0,0,0,R15S,0,0,0,0,0,0,0,0,0,0,0,0,0,0
H1047R,0,0,0,0,0,0,0,0,0,0,0,0,0,0,0,0,0,0,0,0,0,0,0,0,0,0,0,0,0,0,0,0,0,0,0,0,0,0,0,0,0,0,0,0,0
E542K,R273C,0,0,0,0,0,0,0,0,0,0,0,0,0,0,0,0,0,0,0,0,0,0,0,0,0,0,0,0,0,0,0,0,0,0,0,0,0,0,0,0,0,0,0,0
0,0,0,0,0,A5378S,0,0,0,0,0,0,0,D3333G,0,0,0,0,0,0,0,0,0,0,0,0,0,0,0,0,0,0,E17K,0,0,0,0,0,0,0,0,0,0,0,0,0
N345K E81K,0,0,0,0,0,0,0,0,0,0,0,0,0,0,0,0,0,0,0,0,0,0,0,0,0,0,0,0,0,0,0,0,0,0,0,0,0,0,0,0,0,0,0,0,0
H1047R,0,0,0,0,0,0,0,0,0,0,0,0,0,0,0,0,0,0,0,0,0,0,0,0,0,0,0,0,0,0,N48Tfs*6,0,0,0,0,0,0,0,0,0,0,0,0,0,0
H1047R,0,0,0,K1777Lfs*21,0,0,0,0,0,0,0,0,0,0,0,0,0,0,0,0,0,0,0,0,0,0,0,0,0,0,0,0,0,0,0,0,0,0,0,0,0,0,0,0,0
0,0,0,0,0,0,0,0,0,0,0,0,0,0,0,0,0,0,0,0,0,0,0,0,0,0,0,0,0,0,0,0,E17K,0,0,0,0,0,0,0,0,0,0,0,0,0
0,G245S,0,0,0,0,0,0,0,0,0,0,0,0,0,0,0,0,0,0,0,0,0,0,0,0,0,0,0,0,0,0,0,0,0,0,0,0,0,0,0,0,0,0,0,0
H1047L E726K,0,0,0,0,0,0,0,0,0,R732Q,0,0,0,0,0,0,0,0,0,0,0,0,0,0,0,0,0,0,0,0,0,0,0,0,0,0,0,0,0,0,0,0,0,0,0
0,R175H,0,0,0,0,0,0,0,0,Q23*,0,0,0,0,0,0,0,0,0,0,0,0,0,0,0,0,E130*,0,0,0,0,E17K,0,0,0,0,0,0,0,0,0,0,0,0,0
H1047L,0,0,0,0,0,X308_splice,I1413Nfs*7,0,0,0,0,0,0,0,0,0,0,0,0,0,0,0,0,0,0,0,X55_splice,0,0,0,0,0,0,0,0,0,0,0,0,0,0,0,0,0,0
0,P177R,0,0,0,0,0,0,0,0,0,0,0,0,0,0,0,0,W3655C,0,0,0,0,0,0,0,0,0,0,0,0,0,0,0,0,0,0,0,0,0,S83*,0,0,0,0,0
0,G245S,0,0,0,0,0,0,0,0,0,0,0,0,0,0,0,0,0,0,0,0,0,0,0,0,0,0,0,0,0,0,0,0,0,0,0,0,0,0,0,0,0,0,0,0
0,C277F,0,0,0,0,0,0,0,0,0,0,0,0,0,0,E3449K,0,0,0,0,0,0,0,0,0,0,0,0,0,0,X70_splice,0,0,0,0,0,0,0,Y2285Tfs*5,0,0,0,0,0,0
H1047R,0,0,0,0,0,0,S1282Ffs*2 S924*,0,0,0,0,0,0,0,0,0,0,0,0,0,0,0,0,0,0,0,0,0,0,0,0,0,0,0,0,0,0,0,0,0,0,0,0,0,0
0,0,E3861*,E5575K,0,0,0,0,0,0,P744Qfs*26,0,0,0,0,0,0,0,0,0,S295L,0,0,0,T1359Yfs*85,0,0,0,0,0,0,0,0,0,0,0,0,M1028I,0,0,0,0,0,0,0,0
0,0,0,0,0,0,0,0,0,0,0,0,0,0,0,0,0,0,0,0,0,0,0,0,0,0,0,0,0,0,0,0,0,0,0,0,0,0,0,0,0,0,0,0,0,0
H1047R,0,0,0,0,0,0,0,0,0,0,0,0,0,0,0,0,0,0,0,0,0,0,0,0,0,0,G121D,0,0,0,0,0,0,0,0,0,0,0,0,0,0,0,0,0,0
0,R175H,0,0,0,0,0,0,0,0,0,0,0,0,0,0,D3456_I3457del,0,0,0,0,0,0,0,0,X343_splice,0,0,0,0,0,0,0,0,0,0,0,0,0,0,0,0,0,0,0,0
0,0,0,0,0,0,0,0,0,0,T457Dfs*7,0,0,0,0,0,0,0,0,0,0,0,0,0,0,0,0,0,0,0,0,0,0,0,0,0,0,0,0,0,0,0,0,0,0,0
0,0,0,0,0,0,0,0,0,0,E781*,0,0,0,0,0,0,0,0,0,0,0,0,0,0,0,0,0,0,0,0,0,0,0,0,0,0,0,0,0,0,0,0,0,0,0
0,0,0,0,0,0,0,0,0,0,0,0,0,0,0,0,0,0,0,0,0,0,0,0,0,0,T311A,0,0,0,0,0,0,0,0,0,0,0,0,0,0,0,0,0,0,0
0,0,0,0,0,T1669P,0,0,0,0,0,0,0,G4838R,0,0,0,0,0,0,0,0,0,0,0,0,0,0,0,0,0,0,0,0,0,0,0,0,0,0,0,0,0,0,0,0
0,0,0,0,0,0,M356*,0,0,0,0,0,0,0,0,0,0,0,0,0,0,0,0,0,0,0,0,E130*,0,0,0,0,E17K,0,0,0,0,0,0,0,0,0,0,0,0,0
H1047R,0,R8636I,0,S3531Cfs*34,0,K358E,0,0,0,0,0,0,0,0,0,0,0,0,0,0,0,0,0,0,0,0,W73*,0,0,0,0,0,0,0,0,0,0,0,0,0,0,0,0,0,0
0,0,S248Y,E1183*,0,0,0,0,0,0,L355*,V2429I,0,0,0,0,0,0,0,L1230P,0,0,0,0,0,0,0,0,0,0,0,0,0,0,0,0,0,0,0,L925*,0,0,0,0,0,0
H1047L,0,0,0,0,0,0,0,0,0,0,0,0,0,0,0,0,0,0,0,0,0,0,0,0,0,0,0,0,0,0,0,0,0,0,0,0,0,0,0,0,0,0,0,0,0
